journal_name_clean,n
clinicaltrials.gov.,109
Kidney International Reports,75
American Journal of Tropical Medicine and Hygiene,59
Ssrn.,44
International Journal of Infectious Diseases,37
Disease Surveillance,30
Military Medicine,27
Blood,25
Annals of Oncology,23
Lancet,23
The Lancet Global Health,20
Topics in Antiviral Medicine,19
The Journal of Trauma and Acute Care Surgery,18
Vaccine,17
Journal of Special Operations Medicine,15
Prehospital & Disaster Medicine,14
Weekly Epidemiological Record,13
Wiadomosci Lekarskie,12
Annals of Global Health,9
Medecine d'Afrique Noire,9
Medical Forum Monthly,9
Tropical Medicine and International Health,9
Clinical Nutrition ESPEN,8
JAMA Network Open,8
Pan African Medical Journal,8
Acta Tropica,7
"American Journal of Respiratory and Critical Care Medicine. Conference: American Thoracic Society International Conference, ATS",7
Global Public Health,7
Informe Quincenal Epidemiologico Nacional,7
Journal of Infection and Public Health,7
Pakistan Paediatric Journal,7
Brain and Spine,6
ESMO Open,6
Ethiopian Medical Journal,6
Injury,6
Preventive Veterinary Medicine,6
Value in Health,6
West African Journal of Medicine,6
African Journal of Clinical and Experimental Microbiology,5
American Journal of Emergency Medicine,5
American Journal of Gastroenterology,5
Annals of Emergency Medicine,5
Annals of Hepatology,5
Archives of Disease in Childhood,5
BMJ Military Health,5
Cardiovascular Journal of Africa,5
Disaster Medicine & Public Health Preparedness,5
European Journal of Surgical Oncology,5
Indian Journal of Public Health Research and Development,5
International Journal of Epidemiology,5
International Journal of Gynecology and Obstetrics,5
International Journal of Public Health,5
Journal de Pediatrie et de Puericulture,5
Journal of Ayub Medical College,5
Journal of Craniofacial Surgery,5
Journal of Medical Virology,5
Journal of Neurosurgery,5
Journal of the American Academy of Child and Adolescent Psychiatry,5
"Medicine, Conflict & Survival",5
Nigerian Journal of Clinical Practice,5
Pediatric Critical Care Medicine,5
Social Science & Medicine,5
The Lancet Infectious Diseases,5
World Journal of Surgery,5
American Journal of Physical Anthropology,4
Annals of African Medicine,4
Annals of Surgery,4
East African Medical Journal,4
European Journal of Clinical Microbiology & Infectious Diseases,4
HPS Weekly Report,4
International Journal of Gynaecology & Obstetrics,4
JMIR Public Health and Surveillance,4
Journal of Infectious Diseases,4
Journal of Pediatric Surgery,4
Journal of Tropical Pediatrics,4
Journal of Water and Health,4
Journal of the American College of Surgeons,4
Journal of the Royal Army Medical Corps,4
Lancet Infectious Diseases,4
Mali Medical,4
Mathematical Biosciences,4
Military medicine,4
New England Journal of Medicine,4
Nigerian Postgraduate Medical Journal,4
PLoS currents,4
Pakistan Journal of Medical and Health Sciences,4
Pediatric Blood and Cancer,4
Public Health,4
Sustainability,4
Transactions of the Royal Society of Tropical Medicine & Hygiene,4
Transactions of the Royal Society of Tropical Medicine and Hygiene,4
AIDS,3
Academic Journal of Naval Medical University,3
American Journal of Public Health,3
Annales Medico-Psychologiques,3
Annals of Ibadan Postgraduate Medicine,3
BMJ,3
Bulletin de la Societe de Pathologie Exotique,3
Clinical Toxicology,3
"Critical Care Medicine. Conference: 54th Critical Care Congress of the Society of Critical Care Medicine, SCCM",3
Current Pediatric Research,3
Eastern Mediterranean Health Journal,3
Ethiopian Journal of Health Development,3
European Journal of Molecular and Clinical Medicine,3
European Journal of Public Health,3
European Respiratory Journal,3
Health Policy & Planning,3
Horizonte Medico,3
Hpb,3
Human Reproduction,3
Indian Journal of Forensic Medicine and Toxicology,3
International Journal of Health Planning & Management,3
JPMA - Journal of the Pakistan Medical Association,3
Journal of Acquired Immune Deficiency Syndromes,3
"Journal of Ayub Medical College, Abbottabad: JAMC",3
Journal of Clinical Oncology. Conference,3
Journal of Hepatology,3
Journal of Hypertension,3
Journal of Pediatric Gastroenterology and Nutrition,3
Journal of Postgraduate Medical Institute,3
Journal of Vascular Surgery,3
Journal of special operations medicine : a peer reviewed journal for SOF medical professionals,3
Journal of the American Society of Nephrology,3
Journal of the Pediatric Infectious Diseases Society,3
Medical Journal of Malaysia,3
National Epidemiological Report REN,3
Nephrology Dialysis Transplantation,3
Pakistan Journal of Pharmaceutical Sciences,3
Prehospital Emergency Care,3
Pure and Applied Biology,3
Rawal Medical Journal,3
Revista Espanola de Salud Publica,3
Revista de Gastroenterologia del Peru,3
Science of the Total Environment,3
Social Science and Medicine,3
The Lancet. HIV,3
The Medical journal / US Army Medical Center of Excellence,3
Tropical Medicine & International Health,3
"Wiadomosci lekarskie (Warsaw, Poland : 1960)",3
Aids,2
American Journal of Epidemiology,2
American Journal of Respiratory and Critical Care Medicine. Conference,2
Anesthesia and Analgesia,2
Anesthesie et Reanimation,2
Annales de Cardiologie et d Angeiologie,2
Annals of Nutrition and Metabolism,2
Annals of the American Thoracic Society,2
Archives de Pediatrie,2
Archives of Iranian Medicine,2
Archives of Virology,2
Asian Pacific Journal of Tropical Medicine,2
Bahrain Medical Bulletin,2
Birth Defects Research,2
"Blood. Conference: 59th Annual Meeting of the American Society of Hematology, ASH",2
"Blood. Conference: 60th Annual Meeting of the American Society of Hematology, ASH",2
Boletin de Malariologia y Salud Ambiental,2
Brazilian Journal of Anesthesiology,2
Cadernos de Saude Publica,2
"Cancer Research. Conference: San Antonio Breast Cancer Symposium. San Antonio, TX United States",2
Chest,2
Chinese Journal of Disease Control and Prevention,2
Clinica Chimica Acta,2
Clinical Epidemiology and Global Health,2
Clinical Infection in Practice,2
Clinical Nutrition Open Science,2
Cogent Medicine,2
Critical Care Medicine,2
Current Trauma Reports,2
Current Tropical Medicine Reports,2
Diabetes,2
Environmental Research,2
Epidemics,2
Epidemiologia e Prevenzione,2
European Heart Journal,2
European Journal of Cancer,2
European Journal of Clinical Investigation,2
European Journal of Trauma & Emergency Surgery,2
European Review for Medical & Pharmacological Sciences,2
FASEB Journal. Conference: Experimental Biology,2
Georgian Medical News,2
Gut,2
HIV Medicine,2
Health Security,2
Human Antibodies,2
Infectious Diseases Now,2
International Journal of Agricultural and Statistical Sciences,2
Iranian Journal of Epidemiology,2
Israel Medical Association Journal: Imaj,2
JAMA Pediatrics,2
JAMA Surgery,2
"JAMA, Journal of the American Medical Association",2
"JCPSP, Journal of the College of Physicians and Surgeons Pakistan",2
"Jcpsp, Journal of the College of Physicians & Surgeons - Pakistan",2
Journal of Adolescent Health,2
Journal of Burn Care & Research,2
Journal of Burn Care and Research,2
Journal of Cardiovascular Disease Research,2
Journal of Clinical Rheumatology,2
Journal of Clinical Virology,2
"Journal of Emergency Medicine, Trauma and Acute Care",2
"Journal of Emergency Medicine, Trauma and Acute Care. Conference",2
Journal of Environment and Earth Science,2
Journal of Epidemiology and Community Health,2
Journal of Global Antimicrobial Resistance,2
Journal of Global Oncology,2
Journal of Hospital Infection,2
Journal of Infection,2
Journal of Infection in Developing Countries,2
Journal of Interpersonal Violence,2
Journal of Medical Internet Research,2
Journal of Medicine in the Tropics,2
Journal of Pain and Symptom Management,2
Journal of Pediatric Hematology/Oncology,2
Journal of Population Therapeutics and Clinical Pharmacology,2
Journal of Public Health in Africa,2
Journal of Viral Hepatitis,2
Journal of the Pakistan Medical Association,2
Jpen: Journal of Parenteral & Enteral Nutrition,2
Lassa fever Annual Epidemiological Report for,2
Legal Medicine,2
MEDICC Review,2
Malaria Journal,2
Medecine et Sante Tropicales,2
Microbial Pathogenesis,2
Morbidity and Mortality Weekly Report,2
Mycoses,2
Neurosurgery,2
Nigerian Journal of Basic and Clinical Sciences,2
Nigerian Medical Journal,2
Nigerian Veterinary Journal,2
Obesity Surgery,2
One Health Cases,2
Oral Diseases,2
Paediatrics & international Child Health,2
Pakistan Journal of Public Health,2
Pancreatology,2
Pediatric Emergency Care,2
Pediatric Infectious Disease Journal,2
Pediatrics,2
Population and Development Review,2
Pregnancy Hypertension,2
Prehospital and disaster medicine,2
Research Journal of Pharmacy and Technology,2
Research in Veterinary Science,2
Revista Colombiana de Psiquiatria,2
Revista Cubana de Medicina Tropical,2
Revista Espanola de Geriatria y Gerontologia,2
Revista Panamericana de Salud Publica/Pan American Journal of Public Health,2
Revista de Salud Publica,2
Sante Publique (Vandoeuvre-Les-Nancey),2
Science,2
Southern Medical Journal,2
Systematic Reviews in Pharmacy,2
Telemedicine Journal & E-Health,2
The International Bank for Reconstruction and Development / The World Bank. 3rd Chapter,2
The Lancet Healthy Longevity,2
The lancet. Planetary Health,2
The lancet. Public Health,2
Tobacco Induced Diseases,2
Travel Medicine and Infectious Disease,2
US Army Medical Department Journal,2
World Development,2
World Neurosurgery,2
bioRxiv.,2
AIDS & Behavior,1
AIDS Care,1
AIDS Research and Human Retroviruses,1
Academic Emergency Medicine,1
Academic Journal of Second Military Medical University,1
Acta Chirurgica Belgica,1
Acta Gastroenterologica Latinoamericana,1
Advances in Experimental Medicine & Biology,1
"Advances in Gerontology = Uspekhi Gerontologii/Rossiiskaia Akademiia Nauk, Gerontologicheskoe Obshchestvo",1
Advances in Neonatal Care,1
Advances in gerontology = Uspekhi gerontologii,1
Afghanistan: demographic and health survey,1
African Affairs,1
African Development Review,1
African Journal of AIDS Research,1
African Journal of Biomedical Research,1
African Journal of Reproductive Health,1
African Journal of Respiratory Medicine,1
African Population Studies,1
African Study Monographs,1
Ageing Research Reviews,1
"Aging, Clinical and Experimental Research",1
Agricultural Science Digest,1
Air Medical Journal,1
Al Ameen Journal of Medical Sciences,1
Alergologia Polska - Polish Journal of Allergology,1
Allocating HIV funding efficiently in Myanmar: analyses using the optima HIV model,1
Alzheimer's and Dementia,1
American Journal of Blood Research,1
American Journal of Clinical Nutrition,1
American Journal of Emergency Medicine September,1
"American Journal of Medical Genetics, Part C: Seminars in Medical Genetics",1
American Journal of Obstetrics and Gynecology MFM,1
American Journal of Surgery,1
American Journal of Tropical Medicine & Hygiene,1
American journal of public health,1
Anasthesiologie und Intensivmedizin,1
Andrology,1
Anesthesia & Analgesia,1
Anesthesia and Analgesi,1
Annals of Clinical Psychiatry,1
Annals of Vascular Surgery,1
Annals of the Association of American Geographers,1
Annals of the New York Academy of Sciences,1
Anti-Infective Agents,1
Antiviral Research,1
Archives de Pediatrie November,1
Archives of Cardiovascular Diseases,1
Archives of Cardiovascular Diseases Supplements,1
Archives of Environmental & Occupational Health,1
Archives of Gynecology and Obstetrics,1
Archives of Pharmacy Practice,1
Archives of Public Health,1
Archives of Sexual Behavior,1
Arquivos de Gastroenterologia,1
Asia Pacific Journal of Public Health,1
Asia-Pacific psychiatry : Official Journal of the Pacific Rim College of Psychiatrists,1
Asian Cardiovascular and Thoracic Annals,1
Asian Journal of Psychiatry,1
Australasian Medical Journal,1
Australasian Psychiatry,1
Australian Journal of Agricultural and Resource Economics,1
Australian and New Zealand Journal of Obstetrics and Gynaecology,1
Avicenna,1
BJOG: An International Journal of Obstetrics & Gynaecology,1
BJOG: An International Journal of Obstetrics and Gynaecology,1
BMC Pregnancy and Childbirth,1
BMC Public Health,1
BMC Veterinary Research,1
BMJ (Online),1
BMJ Global Health,1
BMJ Open Quality,1
BMJ Paediatrics Open,1
BMJ military health,1
Best Practice & Research in Clinical Obstetrics & Gynaecology,1
Bezmialem Science,1
Biochemical & Biophysical Research Communications,1
Biochemical and Cellular Archives,1
Biomedical & Environmental Sciences,1
Biophysical Reviews and Letters,1
Blood Cells Molecules & Diseases,1
"Blood. Conference: 58th Annual Meeting of the American Society of Hematology, ASH",1
Bone Marrow Transplantation,1
Brazilian Journal of Infectious Diseases,1
Breast,1
British Journal of Clinical Pharmacology,1
British Journal of Dermatology,1
British Journal of Neurosurgery,1
British Journal of Oral and Maxillofacial Surgery,1
British Journal of Psychiatry,1
British Journal of Surgery,1
Bulletin de l'Academie Veterinaire de France,1
Bulletin of Emergency & Trauma,1
Burns,1
Cancer,1
Cancer Chemotherapy and Pharmacology,1
Cancer care in countries and societies in transition: individualized care in focus,1
Cardiology in the Young,1
Cerebrovascular Diseases,1
Chaos,1
Child Abuse and Neglect,1
Chinese Journal of Endemiology,1
Chinese Journal of Evidence-Based Medicine,1
Chinese Journal of Public Health / Zhongguo gonggong weisheng,1
Circulation. Conference: American Heart Association's,1
Circulation. Conference: American Heart Association's Epidemiology and Prevention/Lifestyle and Cardiometabolic Health,1
Circulation. Conference: American Hearts Association's,1
"Circulation. Conference: Resuscitation Science Symposium, ReSS",1
Cleft Palate-Craniofacial Journal,1
Clinical Epidemiology and Global Health September,1
Clinical Gastroenterology & Hepatology,1
Clinical Infectious Diseases,1
"Clinical Lymphoma, Myeloma and Leukemia",1
Clinical Nephrology,1
Clinical Neurosurgery,1
Clinical Nutrition,1
Clinics & Research in Hepatology & Gastroenterology,1
Cochrane Database of Systematic Reviews,1
Cogent Public Health,1
Communicable Disease Threats Report,1
Conflict and Health,1
Conservation biology : the journal of the Society for Conservation Biology,1
Contemporary Clinical Trials,1
Contraception,1
Crisis: Journal of Crisis Intervention & Suicide,1
Critical Care,1
Critical Care Nurse,1
Critical Reviews in Food Science & Nutrition,1
"Culture, Health & Sexuality",1
Current Atherosclerosis Reports,1
Current Developments in Nutrition,1
Current Diabetes Reviews,1
Current HIV/AIDS Reports,1
Current Opinion in Nephrology & Hypertension,1
Current Problems in Cardiology,1
Current Science,1
Demography,1
Development and Change,1
Disasters,1
Discover Public Health,1
Drug Safety,1
Drug and Alcohol Dependence,1
Dysphagia,1
"Ear, Nose, & Throat Journal",1
East Asian Archives of Psychiatry,1
East and Central African Journal of Surgery,1
Eastern Journal of Medicine,1
Ecology of food and nutrition,1
Egyptian Journal of Medical Human Genetics,1
Egyptian Journal of Veterinary Sciences,1
Emergency Medicine Journal,1
Emergency Radiology,1
Emerging Microbes and Infections,1
Endocrine Practice,1
"Endocrine Reviews. Conference: 99th Annual Meeting of the Endocrine Society, ENDO",1
Environmental Research August,1
Environmental Research Letters,1
Environmental Science and Technology,1
Epidemiologic Methods,1
Erciyes Medical Journal,1
Ethiopia: demographic and health survey,1
Ethiopian Veterinary Journal,1
Eurasian Journal of Emergency Medicine,1
Europace,1
European Journal of Epidemiology,1
European Journal of Health Economics,1
European Journal of Immunology,1
European Journal of Nutrition,1
European Journal of Obstetrics & Gynecology and Reproductive Biology December,1
European Journal of Obstetrics and Gynecology and Reproductive Biology,1
"European Journal of Obstetrics, Gynecology, & Reproductive Biology",1
European Journal of Translational and Clinical Medicine,1
European Journal of Trauma & Dissociation = Revue Europeenne Du Trauma Et De La Dissociation,1
European Journal of Vascular and Endovascular Surgery,1
Experimental & Clinical Transplantation: Official Journal of the Middle East Society for Organ Transplantation,1
Expert Review of Endocrinology & Metabolism,1
Expert Review of Hematology,1
Expert Review of Vaccines,1
Fetal & Pediatric Pathology,1
Field Exchange Emergency Nutrition Network ENN,1
Folia Medica Cracoviensia,1
Food & Environmental Virology,1
Food & Nutrition Bulletin,1
Forensic Science International Genetics,1
Frontiers of medicine,1
Future Microbiology,1
Future Virology,1
Gaceta Sanitaria,1
Gastroenterology,1
GeoJournal,1
Geocarto International,1
Global Change Biology,1
Global Food Security,1
Global Health Promotion,1
Gut and Liver,1
HIV and AIDS Review,1
HPB,1
"Haiti: Enquete Mortalite, Morbidite et Utilisation des Services",1
Head & Neck,1
Health & Place,1
Health Affairs,1
Health Affairs December,1
Health Care for Women International,1
Health Economics,1
Health Policy,1
Health security,1
Heart Lung and Circulation,1
HemaSphere,1
"Hematology, Transfusion and Cell Therapy",1
Hemodialysis International,1
Hepatology,1
Hepatology International,1
Hormone Research in Paediatrics,1
Human and Ecological Risk Assessment,1
Hypertension,1
IDB Working Paper Series Inter American Development Bank,1
IDS Working Paper Institute for Development Studies November,1
IFPRI Discussion Papers December,1
IISE Transactions on Healthcare Systems Engineering,1
Iatreia,1
Iberoamerican Journal of Medicine,1
Immunogenetics,1
Indian Journal of Neurotrauma,1
Indian Journal of Tuberculosis,1
Indian Journal of Tuberculosis.,1
Infectio,1
Infection,1
"Infection, Disease & Health",1
"Infection, Epidemiology and Microbiology",1
Infectious Diseases Now August,1
Infectious Diseases of Poverty,1
Injury Prevention,1
International Health,1
International Journal of Adolescent Medicine and Health,1
International Journal of Africa Nursing Sciences,1
International Journal of Antimicrobial Agents,1
International Journal of Behavioural and Healthcare Research,1
International Journal of Biodiversity and Conservation,1
International Journal of Development Issues,1
International Journal of Environmental Health Research,1
International Journal of Environmental Studies,1
International Journal of Human Rights in Healthcare,1
International Journal of Hygiene & Environmental Health,1
International Journal of Infectious Diseases April,1
International Journal of Medicine and Biomedical Research,1
International Journal of Obstetric Anesthesia,1
International Journal of Pediatrics,1
International Journal of Pediatrics June,1
International Journal of Prison Health,1
International Journal of Radiation Oncology Biology Physics,1
International Journal of Research in Pharmaceutical Sciences,1
International Journal of Rheumatic Diseases,1
International Journal of Stroke,1
International Journal of Telemedicine and Applications,1
International Journal of Travel Medicine and Global Health,1
International Journal of Tuberculosis and Lung Disease,1
International Orthopaedics,1
International Review of Psychiatry,1
"International Transaction Journal of Engineering, Management, & Applied Sciences & Technologies",1
International journal of food sciences and nutrition,1
Intervirology,1
"Investigative Ophthalmology and Visual Science. Conference: Association for Research in Vision and Ophthalmology Annual Meeting, ARVO",1
Iranian Journal of Medical Microbiology,1
Iraqi Journal of Agricultural Sciences,1
JAMA,1
JCO Global Oncology,1
JCO Global Oncology. Conference: 12th Annual Symposium on Global Cancer Research. Virtual.,1
"JCPSP, Journal of the College of Physicians and Surgeons Pakistan January",1
JMIR Research Protocols,1
"JPMA, Journal of the Pakistan Medical Association",1
Jama,1
Jordan Medical Journal,1
Journal Europeen des Urgences et de Reanimation,1
Journal de Pediatrie et de Puericulture.,1
Journal of Allergy and Clinical Immunology,1
Journal of Alzheimer's Disease,1
Journal of Applied Biosciences,1
Journal of Applied Hematology,1
Journal of Arthropod Borne Diseases,1
Journal of Autoimmunity,1
Journal of Biological Systems,1
Journal of Biosocial Science,1
Journal of Cancer Policy,1
Journal of Cancer Survivorship,1
Journal of Clinical Pharmacy & Therapeutics,1
Journal of Community Health Research,1
Journal of Community Psychology,1
Journal of Development Studies,1
Journal of Emergency Medicine,1
Journal of Epidemiology & Community Health,1
Journal of Evaluation in Clinical Practice,1
Journal of Evaluation in Clinical Practice February,1
Journal of Global Pharma Technology,1
Journal of Health Management,1
Journal of Heart & Lung Transplantation,1
Journal of Heart and Lung Transplantation,1
Journal of Infection and Public Health April,1
Journal of Infection and Public Health November,1
Journal of Investigative Medicine,1
Journal of Laparoendoscopic & Advanced Surgical Techniques. Part A,1
Journal of Maternal-Fetal and Neonatal Medicine,1
Journal of Medical Imaging & Radiation Sciences,1
Journal of Medical Microbiology,1
Journal of Medicine and Biomedical Research,1
Journal of Mental Health,1
Journal of Microbiological Methods,1
Journal of Microbiology Research,1
Journal of NeuroInterventional Surgery,1
Journal of Neurology,1
Journal of Neuropsychiatry and Clinical Neurosciences,1
Journal of Obstetrics & Gynaecology,1
Journal of Obstetrics and Gynaecology,1
Journal of Paediatrics and Child Health,1
Journal of Palliative Medicine,1
Journal of Pediatric Research,1
Journal of Pediatric Surgery Case Reports,1
Journal of Pediatrics,1
Journal of Pharmaceutical Negative Results,1
Journal of Pharmacy and Bioresources,1
Journal of Population Economics,1
Journal of Public Health,1
Journal of Public Health (Germany),1
Journal of Public Health and Epidemiology,1
Journal of Radiological Protection,1
Journal of Registry Management,1
Journal of Surgical Oncology,1
Journal of Surgical Research,1
Journal of Thoracic & Cardiovascular Surgery,1
Journal of Thoracic Oncology,1
Journal of Transcultural Nursing,1
Journal of Trauma and Acute Care Surgery,1
Journal of Urology,1
Journal of Veterinary Research Advances,1
Journal of Water & Health,1
Journal of health care for the poor and underserved,1
Journal of religion and health,1
Journal of the American Academy of Orthopaedic Surgeons,1
Journal of the Cameroon Academy of Sciences,1
Journal of the Indian Medical Association,1
Journal of the National Medical Association,1
Journal of the Neurological Sciences,1
Jurnal de Prevenire,1
Khyber Medical University Journal,1
Kurdistan Journal of Applied Research,1
Lancet Global Health August,1
Lancet Global Health December,1
Lancet Microbe,1
Lancet Oncology,1
Lancet Respiratory Medicine May,1
Laryngoscope,1
Latin American Journal of Pharmacy,1
Leadership in health services,1
Levels and trends in child mortality: report,1
Likarska Sprava,1
Livestock Research for Rural Development,1
MEDICC review,1
Malaysian Journal of Microbiology,1
Medecine d'Afrique Noire December,1
Medecine et Maladies Infectieuses,1
Medical Anthropology Quarterly,1
Medical Decision Making,1
Medical Journal of Babylon,1
Medical Journal of Chinese People's Liberation Army,1
Medical Mycology,1
Medical Studies/Studia Medyczne,1
Medical decision making : an international journal of the Society for Medical Decision Making,1
Medwave,1
Methodology for estimating global excess deaths associated with COVID,1
Microbes and Infectious Diseases,1
Microbiology Resource Announcements,1
Microbiology Spectrum,1
Microbiology and Biotechnology Letters,1
Midwifery,1
Miles to go The response to HIV in Middle East and North Africa,1
Molecular Biology Reports,1
Myanmar Demographic and Health Survey,1
National Academies Press,1
National Journal of Medical and Allied Sciences,1
Nature,1
Nature Medicine,1
Nefrologia,1
Nephrology,1
NeuroQuantology,1
Neurocirugia (English Edition),1
Neuroimmunology Reports,1
Neurologie und Rehabilitation,1
Neurology and Clinical Neuroscience.,1
"Neurology. Conference: American Academy Of Neurology Annual Meeting, AAN",1
"Neurology. Conference: Annual Meeting of the American Academy of Neurology, AAN",1
Nigerian Journal of Medicine: Journal of the National Association of Resident Doctors of Nigeria,1
Nigerian Quarterly Journal of Hospital Medicine,1
Noncommunicable diseases: progress monitor,1
Nutricion Clinica y Dietetica Hospitalaria,1
Nutrition,1
Nutrition Clinique et Metabolisme,1
Nutrition Metabolism & Cardiovascular Diseases,1
Nutrition Reviews,1
Nutrition and Health,1
Obesity Reviews,1
Occupational & Environmental Medicine,1
Occupational and Environmental Medicine,1
Oman Medical Journal,1
"Oman Medical Journal. Conference: 2nd Scientific Conference for Eastern Mediterranean Acute Respiratory Infections Surveillance, EMARIS. Casablanca Morocco",1
One Health Bulletin,1
One Health Cases December,1
Open Forum Infectious Diseases,1
Open Forum Infectious Diseases. Conference: ID Week,1
Orvosi Hetilap,1
Otolaryngology - Head & Neck Surgery,1
Otolaryngology - Head and Neck Surgery,1
Otolaryngology - Head and Neck Surgery (United States),1
PLoS Global Public Health,1
PLoS ONE,1
Paediatrics and International Child Health,1
Pakistan Demographic and Health Survey,1
Pakistan Journal of Nutrition,1
Pakistan Journal of Pharmaceutical Sciences January,1
Pakistan Journal of Zoology,1
Pakistan Pediatric Journal December,1
Palliative & Supportive Care,1
"Pan African Medical Journal. Conference: African Field Epidemiology Network Scientific Conference, AFENET. Addis Ababa Ethiopia",1
Pediatric Blood and Cancer. Conference: 38th Annual Meeting of the Histiocyte. Virtual.,1
"Pediatric Blood and Cancer. Conference: 52th Congress of the International Society of Paediatric Oncology, SIOP. Virtual.",1
Pediatric Cardiology,1
"Pediatric Critical Care Medicine. Conference: 11th Congress of the World Federation of Pediatric Intensive and Critical Care Societies, WFPICCS",1
Pediatric Hematology Oncology Journal,1
Pediatric Nephrology,1
Pediatric Neurology,1
Pediatric Pulmonology,1
Pediatric Surgery International,1
Pediatric Transplantation,1
Pediatrics International,1
Pediatrics. Conference: National Conference on Education,1
Perfusion,1
Perspectives in Public Health,1
Pharma Times,1
Pharmacology Online,1
Pharmacologyonline,1
Policy Research Working Paper World Bank,1
Population Health Metrics,1
Prehospital and Disaster Medicine February,1
Presse Medicale,1
Preventive Medicine,1
Problemy Sotsialnoi Gigieny i Istoriia Meditsiny,1
"Proceedings of the OIE Global Conference on Biological Threat Reduction: building cooperation for efficient health and security systems worldwide. Paris, France",1
Progress in Community Health Partnerships,1
Progress in Pediatric Cardiology,1
Psychiatria Danubina,1
"Psychological Trauma:Theory, Pesearch, Practice and Policy",1
Psychosomatic Medicine,1
Psychotherapies,1
Public Health December,1
Public Health March,1
Quality of Life Research,1
Radiotherapy and Oncology,1
"Rapid risk assessment: Ebola virus disease outbreak in North Kivu and Ituri Provinces, Democratic Republic of the Congo fifth update",1
"Rapid risk assessment: Ebola virus disease outbreak in North Kivu and Ituri Provinces, Democratic Republic of the Congo second update",1
Regional overview of food security and nutrition in the Near East and North Africa,1
Renal Failure,1
Reproductive Health Matters,1
Research and Practice in Thrombosis and Haemostasis,1
Reviews in Medical Microbiology,1
Reviews on Environmental Health,1
Revista Alergia Mexico,1
Revista Chilena de Infectologia,1
Revista Colombiana de Psiquiatria.,1
Revista Espanola de Cirugia Ortopedica y Traumatologia,1
Revista Espanola de Enfermedades Digestivas,1
Revista Habanera de Ciencias Medicas,1
Revista Investigacion en Salud,1
Revista Latinoamericana de Hipertension,1
Revista Medica de Chile,1
Revista Peruana de Medicina Experimental y Salud Publica,1
Revista de Neurologia,1
Revista de la Facultad de Medicina Humana,1
Revue Medicale Suisse,1
Risk analysis : an official publication of the Society for Risk Analysis,1
SN Comprehensive Clinical Medicine,1
Salus,1
Scandinavian Journal of Public Health,1
Scientific Papers: Animal Science and Biotechnologies,1
Seminars in Thoracic & Cardiovascular Surgery,1
Senegal: Enquete Demographique et de Sante Continue,1
Slovensky Veterinarsky Casopis,1
Social Science Research,1
Social Work in Public Health,1
Social science and behavioural data compilation,1
Sokoto Journal of Veterinary Sciences,1
South Sudan Medical Journal,1
Southern African Journal of Infectious Diseases,1
Southern Clinics of Istanbul Eurasia,1
Sri Lankan Journal of Infectious Diseases,1
StatPearls Publishing,1
Statistics in Medicine,1
Studies in health technology and informatics,1
Surgery,1
Tanzania Journal of Health Research,1
Tchad: Enquete Demographique et de Sante et a Indicateurs Multiples au Tchad,1
Technology & Culture,1
The International Bank for Reconstruction and Development / The World Bank. Chapter,1
The International Journal of Mycobacteriology,1
The International journal of social psychiatry,1
The Lancet,1
The Lancet Child & Adolescent Health,1
The Lancet Diabetes & Endocrinology,1
The Lancet HIV,1
The Lancet Haematology,1
The Lancet Neurology,1
The Lancet Oncology,1
The Lancet Public Health,1
The Lancet Respiratory Medicine,1
The Lancet. Psychiatry,1
The Pakistan expanded program on immunization and the national innumization support project: an economic analysis,1
Tobacco Control,1
Traffic Injury Prevention,1
Transactions of the Royal Society of South Africa November,1
Transboundary & Emerging Diseases,1
Trauma (United Kingdom),1
Trauma Monthly,1
Travel Medicine & Infectious Disease,1
Trends in Anaesthesia and Critical Care,1
Troisieme Enquete Demographique et de Sante au Burundi,1
Tropical Doctor,1
Tropical Journal of Pharmaceutical Research,1
Tropical Medicine and Health,1
Tropical animal health and production,1
Tunisie Medicale,1
Turkish Journal of Gastroenterology,1
Turkish Journal of Medical Sciences,1
Turkish Journal of Public Health,1
Umweltmedizin Hygiene Arbeitsmedizin,1
United European Gastroenterology Journal,1
Vector-Borne and Zoonotic Diseases,1
Veterinarski Glasnik,1
Veterinary Parasitology,1
Voprosy Virusologii,1
Vox Sanguinis,1
WIDER Working Papers December,1
West African Journal of Medicine. Vol,1
West African journal of medicine,1
West Indian Medical Journal,1
Women & Birth: Journal of the Australian College of Midwives,1
World Medical and Health Policy,1
World Medical and Health Policy.,1
World Neurosurgery August,1
World's Poultry Science Journal,1
Zhurnal Voprosy Neirokhirurgii Imeni N - N - Burdenko,1
Zimbabwe: demographic and health survey,1
Zoonoses & Public Health,1
Zoonoses and Public Health,1
medRxiv.,1
