"record_index","pdf_filename","local_pdf_path","drive_file_id","drive_pdf_link","upload_status"
"2144","2144.pdf","/home/kana/.openclaw/workspace/repos/Sys_mcs/analysis/pdf_download/2144.pdf",,,"planned_dry_run"
"3444","3444.pdf","/home/kana/.openclaw/workspace/repos/Sys_mcs/analysis/pdf_download/3444.pdf",,,"planned_dry_run"
"7439","7439.pdf","/home/kana/.openclaw/workspace/repos/Sys_mcs/analysis/pdf_download/7439.pdf",,,"planned_dry_run"
"8209","8209.pdf","/home/kana/.openclaw/workspace/repos/Sys_mcs/analysis/pdf_download/8209.pdf",,,"planned_dry_run"
"8394","8394.pdf","/home/kana/.openclaw/workspace/repos/Sys_mcs/analysis/pdf_download/8394.pdf",,,"planned_dry_run"
"12818","12818.pdf","/home/kana/.openclaw/workspace/repos/Sys_mcs/analysis/pdf_download/12818.pdf",,,"planned_dry_run"
"12859","12859.pdf","/home/kana/.openclaw/workspace/repos/Sys_mcs/analysis/pdf_download/12859.pdf",,,"planned_dry_run"
"13083","13083.pdf","/home/kana/.openclaw/workspace/repos/Sys_mcs/analysis/pdf_download/13083.pdf",,,"planned_dry_run"
"13235","13235.pdf","/home/kana/.openclaw/workspace/repos/Sys_mcs/analysis/pdf_download/13235.pdf",,,"planned_dry_run"
"13334","13334.pdf","/home/kana/.openclaw/workspace/repos/Sys_mcs/analysis/pdf_download/13334.pdf",,,"planned_dry_run"
"14507","14507.pdf","/home/kana/.openclaw/workspace/repos/Sys_mcs/analysis/pdf_download/14507.pdf",,,"planned_dry_run"
"14517","14517.pdf","/home/kana/.openclaw/workspace/repos/Sys_mcs/analysis/pdf_download/14517.pdf",,,"planned_dry_run"
"14556","14556.pdf","/home/kana/.openclaw/workspace/repos/Sys_mcs/analysis/pdf_download/14556.pdf",,,"planned_dry_run"
"15713","15713.pdf","/home/kana/.openclaw/workspace/repos/Sys_mcs/analysis/pdf_download/15713.pdf",,,"planned_dry_run"
"15894","15894.pdf","/home/kana/.openclaw/workspace/repos/Sys_mcs/analysis/pdf_download/15894.pdf",,,"planned_dry_run"
"16482","16482.pdf","/home/kana/.openclaw/workspace/repos/Sys_mcs/analysis/pdf_download/16482.pdf",,,"planned_dry_run"
"17161","17161.pdf","/home/kana/.openclaw/workspace/repos/Sys_mcs/analysis/pdf_download/17161.pdf",,,"planned_dry_run"
"22195","22195.pdf","/home/kana/.openclaw/workspace/repos/Sys_mcs/analysis/pdf_download/22195.pdf",,,"planned_dry_run"
"23502","23502.pdf","/home/kana/.openclaw/workspace/repos/Sys_mcs/analysis/pdf_download/23502.pdf",,,"planned_dry_run"
"23688","23688.pdf","/home/kana/.openclaw/workspace/repos/Sys_mcs/analysis/pdf_download/23688.pdf",,,"planned_dry_run"
"23853","23853.pdf","/home/kana/.openclaw/workspace/repos/Sys_mcs/analysis/pdf_download/23853.pdf",,,"planned_dry_run"
"29043","29043.pdf","/home/kana/.openclaw/workspace/repos/Sys_mcs/analysis/pdf_download/29043.pdf",,,"planned_dry_run"
"30794","30794.pdf","/home/kana/.openclaw/workspace/repos/Sys_mcs/analysis/pdf_download/30794.pdf",,,"planned_dry_run"
"30795","30795.pdf","/home/kana/.openclaw/workspace/repos/Sys_mcs/analysis/pdf_download/30795.pdf",,,"planned_dry_run"
"31026","31026.pdf","/home/kana/.openclaw/workspace/repos/Sys_mcs/analysis/pdf_download/31026.pdf",,,"planned_dry_run"
"31122","31122.pdf","/home/kana/.openclaw/workspace/repos/Sys_mcs/analysis/pdf_download/31122.pdf",,,"planned_dry_run"
"32672","32672.pdf","/home/kana/.openclaw/workspace/repos/Sys_mcs/analysis/pdf_download/32672.pdf",,,"planned_dry_run"
"32681","32681.pdf","/home/kana/.openclaw/workspace/repos/Sys_mcs/analysis/pdf_download/32681.pdf",,,"planned_dry_run"
"33611","33611.pdf","/home/kana/.openclaw/workspace/repos/Sys_mcs/analysis/pdf_download/33611.pdf",,,"planned_dry_run"
"34227","34227.pdf","/home/kana/.openclaw/workspace/repos/Sys_mcs/analysis/pdf_download/34227.pdf",,,"planned_dry_run"
"35570","35570.pdf","/home/kana/.openclaw/workspace/repos/Sys_mcs/analysis/pdf_download/35570.pdf",,,"planned_dry_run"
"35571","35571.pdf","/home/kana/.openclaw/workspace/repos/Sys_mcs/analysis/pdf_download/35571.pdf",,,"planned_dry_run"
"36806","36806.pdf","/home/kana/.openclaw/workspace/repos/Sys_mcs/analysis/pdf_download/36806.pdf",,,"planned_dry_run"
"37100","37100.pdf","/home/kana/.openclaw/workspace/repos/Sys_mcs/analysis/pdf_download/37100.pdf",,,"planned_dry_run"
"40601","40601.pdf","/home/kana/.openclaw/workspace/repos/Sys_mcs/analysis/pdf_download/40601.pdf",,,"planned_dry_run"
"41608","41608.pdf","/home/kana/.openclaw/workspace/repos/Sys_mcs/analysis/pdf_download/41608.pdf",,,"planned_dry_run"
"42056","42056.pdf","/home/kana/.openclaw/workspace/repos/Sys_mcs/analysis/pdf_download/42056.pdf",,,"planned_dry_run"
"43196","43196.pdf","/home/kana/.openclaw/workspace/repos/Sys_mcs/analysis/pdf_download/43196.pdf",,,"planned_dry_run"
"46366","46366.pdf","/home/kana/.openclaw/workspace/repos/Sys_mcs/analysis/pdf_download/46366.pdf",,,"planned_dry_run"
"46607","46607.pdf","/home/kana/.openclaw/workspace/repos/Sys_mcs/analysis/pdf_download/46607.pdf",,,"planned_dry_run"
"48645","48645.pdf","/home/kana/.openclaw/workspace/repos/Sys_mcs/analysis/pdf_download/48645.pdf",,,"planned_dry_run"
"51491","51491.pdf","/home/kana/.openclaw/workspace/repos/Sys_mcs/analysis/pdf_download/51491.pdf",,,"planned_dry_run"
"51729","51729.pdf","/home/kana/.openclaw/workspace/repos/Sys_mcs/analysis/pdf_download/51729.pdf",,,"planned_dry_run"
"52086","52086.pdf","/home/kana/.openclaw/workspace/repos/Sys_mcs/analysis/pdf_download/52086.pdf",,,"planned_dry_run"
"52234","52234.pdf","/home/kana/.openclaw/workspace/repos/Sys_mcs/analysis/pdf_download/52234.pdf",,,"planned_dry_run"
"52869","52869.pdf","/home/kana/.openclaw/workspace/repos/Sys_mcs/analysis/pdf_download/52869.pdf",,,"planned_dry_run"
"52887","52887.pdf","/home/kana/.openclaw/workspace/repos/Sys_mcs/analysis/pdf_download/52887.pdf",,,"planned_dry_run"
"53001","53001.pdf","/home/kana/.openclaw/workspace/repos/Sys_mcs/analysis/pdf_download/53001.pdf",,,"planned_dry_run"
"53277","53277.pdf","/home/kana/.openclaw/workspace/repos/Sys_mcs/analysis/pdf_download/53277.pdf",,,"planned_dry_run"
"53597","53597.pdf","/home/kana/.openclaw/workspace/repos/Sys_mcs/analysis/pdf_download/53597.pdf",,,"planned_dry_run"
"54248","54248.pdf","/home/kana/.openclaw/workspace/repos/Sys_mcs/analysis/pdf_download/54248.pdf",,,"planned_dry_run"
"55359","55359.pdf","/home/kana/.openclaw/workspace/repos/Sys_mcs/analysis/pdf_download/55359.pdf",,,"planned_dry_run"
"55452","55452.pdf","/home/kana/.openclaw/workspace/repos/Sys_mcs/analysis/pdf_download/55452.pdf",,,"planned_dry_run"
"55498","55498.pdf","/home/kana/.openclaw/workspace/repos/Sys_mcs/analysis/pdf_download/55498.pdf",,,"planned_dry_run"
"56512","56512.pdf","/home/kana/.openclaw/workspace/repos/Sys_mcs/analysis/pdf_download/56512.pdf",,,"planned_dry_run"
"57705","57705.pdf","/home/kana/.openclaw/workspace/repos/Sys_mcs/analysis/pdf_download/57705.pdf",,,"planned_dry_run"
"57737","57737.pdf","/home/kana/.openclaw/workspace/repos/Sys_mcs/analysis/pdf_download/57737.pdf",,,"planned_dry_run"
"57739","57739.pdf","/home/kana/.openclaw/workspace/repos/Sys_mcs/analysis/pdf_download/57739.pdf",,,"planned_dry_run"
"57775","57775.pdf","/home/kana/.openclaw/workspace/repos/Sys_mcs/analysis/pdf_download/57775.pdf",,,"planned_dry_run"
"57817","57817.pdf","/home/kana/.openclaw/workspace/repos/Sys_mcs/analysis/pdf_download/57817.pdf",,,"planned_dry_run"
"57849","57849.pdf","/home/kana/.openclaw/workspace/repos/Sys_mcs/analysis/pdf_download/57849.pdf",,,"planned_dry_run"
"57858","57858.pdf","/home/kana/.openclaw/workspace/repos/Sys_mcs/analysis/pdf_download/57858.pdf",,,"planned_dry_run"
"58322","58322.pdf","/home/kana/.openclaw/workspace/repos/Sys_mcs/analysis/pdf_download/58322.pdf",,,"planned_dry_run"
"58330","58330.pdf","/home/kana/.openclaw/workspace/repos/Sys_mcs/analysis/pdf_download/58330.pdf",,,"planned_dry_run"
"58348","58348.pdf","/home/kana/.openclaw/workspace/repos/Sys_mcs/analysis/pdf_download/58348.pdf",,,"planned_dry_run"
"58467","58467.pdf","/home/kana/.openclaw/workspace/repos/Sys_mcs/analysis/pdf_download/58467.pdf",,,"planned_dry_run"
"58522","58522.pdf","/home/kana/.openclaw/workspace/repos/Sys_mcs/analysis/pdf_download/58522.pdf",,,"planned_dry_run"
"58629","58629.pdf","/home/kana/.openclaw/workspace/repos/Sys_mcs/analysis/pdf_download/58629.pdf",,,"planned_dry_run"
"58694","58694.pdf","/home/kana/.openclaw/workspace/repos/Sys_mcs/analysis/pdf_download/58694.pdf",,,"planned_dry_run"
"58726","58726.pdf","/home/kana/.openclaw/workspace/repos/Sys_mcs/analysis/pdf_download/58726.pdf",,,"planned_dry_run"
"58814","58814.pdf","/home/kana/.openclaw/workspace/repos/Sys_mcs/analysis/pdf_download/58814.pdf",,,"planned_dry_run"
"58835","58835.pdf","/home/kana/.openclaw/workspace/repos/Sys_mcs/analysis/pdf_download/58835.pdf",,,"planned_dry_run"
"58858","58858.pdf","/home/kana/.openclaw/workspace/repos/Sys_mcs/analysis/pdf_download/58858.pdf",,,"planned_dry_run"
"58985","58985.pdf","/home/kana/.openclaw/workspace/repos/Sys_mcs/analysis/pdf_download/58985.pdf",,,"planned_dry_run"
"59056","59056.pdf","/home/kana/.openclaw/workspace/repos/Sys_mcs/analysis/pdf_download/59056.pdf",,,"planned_dry_run"
"59498","59498.pdf","/home/kana/.openclaw/workspace/repos/Sys_mcs/analysis/pdf_download/59498.pdf",,,"planned_dry_run"
"59878","59878.pdf","/home/kana/.openclaw/workspace/repos/Sys_mcs/analysis/pdf_download/59878.pdf",,,"planned_dry_run"
"60346","60346.pdf","/home/kana/.openclaw/workspace/repos/Sys_mcs/analysis/pdf_download/60346.pdf",,,"planned_dry_run"
"61344","61344.pdf","/home/kana/.openclaw/workspace/repos/Sys_mcs/analysis/pdf_download/61344.pdf",,,"planned_dry_run"
"61510","61510.pdf","/home/kana/.openclaw/workspace/repos/Sys_mcs/analysis/pdf_download/61510.pdf",,,"planned_dry_run"
"61697","61697.pdf","/home/kana/.openclaw/workspace/repos/Sys_mcs/analysis/pdf_download/61697.pdf",,,"planned_dry_run"
"61787","61787.pdf","/home/kana/.openclaw/workspace/repos/Sys_mcs/analysis/pdf_download/61787.pdf",,,"planned_dry_run"
"61915","61915.pdf","/home/kana/.openclaw/workspace/repos/Sys_mcs/analysis/pdf_download/61915.pdf",,,"planned_dry_run"
"61920","61920.pdf","/home/kana/.openclaw/workspace/repos/Sys_mcs/analysis/pdf_download/61920.pdf",,,"planned_dry_run"
"61963","61963.pdf","/home/kana/.openclaw/workspace/repos/Sys_mcs/analysis/pdf_download/61963.pdf",,,"planned_dry_run"
"62095","62095.pdf","/home/kana/.openclaw/workspace/repos/Sys_mcs/analysis/pdf_download/62095.pdf",,,"planned_dry_run"
"62171","62171.pdf","/home/kana/.openclaw/workspace/repos/Sys_mcs/analysis/pdf_download/62171.pdf",,,"planned_dry_run"
"62327","62327.pdf","/home/kana/.openclaw/workspace/repos/Sys_mcs/analysis/pdf_download/62327.pdf",,,"planned_dry_run"
"62545","62545.pdf","/home/kana/.openclaw/workspace/repos/Sys_mcs/analysis/pdf_download/62545.pdf",,,"planned_dry_run"
"62627","62627.pdf","/home/kana/.openclaw/workspace/repos/Sys_mcs/analysis/pdf_download/62627.pdf",,,"planned_dry_run"
"62964","62964.pdf","/home/kana/.openclaw/workspace/repos/Sys_mcs/analysis/pdf_download/62964.pdf",,,"planned_dry_run"
"63019","63019.pdf","/home/kana/.openclaw/workspace/repos/Sys_mcs/analysis/pdf_download/63019.pdf",,,"planned_dry_run"
"63097","63097.pdf","/home/kana/.openclaw/workspace/repos/Sys_mcs/analysis/pdf_download/63097.pdf",,,"planned_dry_run"
"64086","64086.pdf","/home/kana/.openclaw/workspace/repos/Sys_mcs/analysis/pdf_download/64086.pdf",,,"planned_dry_run"
"64226","64226.pdf","/home/kana/.openclaw/workspace/repos/Sys_mcs/analysis/pdf_download/64226.pdf",,,"planned_dry_run"
"64266","64266.pdf","/home/kana/.openclaw/workspace/repos/Sys_mcs/analysis/pdf_download/64266.pdf",,,"planned_dry_run"
"65389","65389.pdf","/home/kana/.openclaw/workspace/repos/Sys_mcs/analysis/pdf_download/65389.pdf",,,"planned_dry_run"
"67238","67238.pdf","/home/kana/.openclaw/workspace/repos/Sys_mcs/analysis/pdf_download/67238.pdf",,,"planned_dry_run"
"68469","68469.pdf","/home/kana/.openclaw/workspace/repos/Sys_mcs/analysis/pdf_download/68469.pdf",,,"planned_dry_run"
"68502","68502.pdf","/home/kana/.openclaw/workspace/repos/Sys_mcs/analysis/pdf_download/68502.pdf",,,"planned_dry_run"
"68808","68808.pdf","/home/kana/.openclaw/workspace/repos/Sys_mcs/analysis/pdf_download/68808.pdf",,,"planned_dry_run"
"68950","68950.pdf","/home/kana/.openclaw/workspace/repos/Sys_mcs/analysis/pdf_download/68950.pdf",,,"planned_dry_run"
"70212","70212.pdf","/home/kana/.openclaw/workspace/repos/Sys_mcs/analysis/pdf_download/70212.pdf",,,"planned_dry_run"
"71946","71946.pdf","/home/kana/.openclaw/workspace/repos/Sys_mcs/analysis/pdf_download/71946.pdf",,,"planned_dry_run"
"72346","72346.pdf","/home/kana/.openclaw/workspace/repos/Sys_mcs/analysis/pdf_download/72346.pdf",,,"planned_dry_run"
"73104","73104.pdf","/home/kana/.openclaw/workspace/repos/Sys_mcs/analysis/pdf_download/73104.pdf",,,"planned_dry_run"
"73289","73289.pdf","/home/kana/.openclaw/workspace/repos/Sys_mcs/analysis/pdf_download/73289.pdf",,,"planned_dry_run"
"73374","73374.pdf","/home/kana/.openclaw/workspace/repos/Sys_mcs/analysis/pdf_download/73374.pdf",,,"planned_dry_run"
"73708","73708.pdf","/home/kana/.openclaw/workspace/repos/Sys_mcs/analysis/pdf_download/73708.pdf",,,"planned_dry_run"
"73938","73938.pdf","/home/kana/.openclaw/workspace/repos/Sys_mcs/analysis/pdf_download/73938.pdf",,,"planned_dry_run"
"74248","74248.pdf","/home/kana/.openclaw/workspace/repos/Sys_mcs/analysis/pdf_download/74248.pdf",,,"planned_dry_run"
"74283","74283.pdf","/home/kana/.openclaw/workspace/repos/Sys_mcs/analysis/pdf_download/74283.pdf",,,"planned_dry_run"
"74344","74344.pdf","/home/kana/.openclaw/workspace/repos/Sys_mcs/analysis/pdf_download/74344.pdf",,,"planned_dry_run"
"74982","74982.pdf","/home/kana/.openclaw/workspace/repos/Sys_mcs/analysis/pdf_download/74982.pdf",,,"planned_dry_run"
"75168","75168.pdf","/home/kana/.openclaw/workspace/repos/Sys_mcs/analysis/pdf_download/75168.pdf",,,"planned_dry_run"
"75737","75737.pdf","/home/kana/.openclaw/workspace/repos/Sys_mcs/analysis/pdf_download/75737.pdf",,,"planned_dry_run"
"76485","76485.pdf","/home/kana/.openclaw/workspace/repos/Sys_mcs/analysis/pdf_download/76485.pdf",,,"planned_dry_run"
"76841","76841.pdf","/home/kana/.openclaw/workspace/repos/Sys_mcs/analysis/pdf_download/76841.pdf",,,"planned_dry_run"
"77868","77868.pdf","/home/kana/.openclaw/workspace/repos/Sys_mcs/analysis/pdf_download/77868.pdf",,,"planned_dry_run"
"78287","78287.pdf","/home/kana/.openclaw/workspace/repos/Sys_mcs/analysis/pdf_download/78287.pdf",,,"planned_dry_run"
"78492","78492.pdf","/home/kana/.openclaw/workspace/repos/Sys_mcs/analysis/pdf_download/78492.pdf",,,"planned_dry_run"
"79022","79022.pdf","/home/kana/.openclaw/workspace/repos/Sys_mcs/analysis/pdf_download/79022.pdf",,,"planned_dry_run"
"79619","79619.pdf","/home/kana/.openclaw/workspace/repos/Sys_mcs/analysis/pdf_download/79619.pdf",,,"planned_dry_run"
"79988","79988.pdf","/home/kana/.openclaw/workspace/repos/Sys_mcs/analysis/pdf_download/79988.pdf",,,"planned_dry_run"
"80299","80299.pdf","/home/kana/.openclaw/workspace/repos/Sys_mcs/analysis/pdf_download/80299.pdf",,,"planned_dry_run"
"80775","80775.pdf","/home/kana/.openclaw/workspace/repos/Sys_mcs/analysis/pdf_download/80775.pdf",,,"planned_dry_run"
"80858","80858.pdf","/home/kana/.openclaw/workspace/repos/Sys_mcs/analysis/pdf_download/80858.pdf",,,"planned_dry_run"
"80882","80882.pdf","/home/kana/.openclaw/workspace/repos/Sys_mcs/analysis/pdf_download/80882.pdf",,,"planned_dry_run"
"81467","81467.pdf","/home/kana/.openclaw/workspace/repos/Sys_mcs/analysis/pdf_download/81467.pdf",,,"planned_dry_run"
"82236","82236.pdf","/home/kana/.openclaw/workspace/repos/Sys_mcs/analysis/pdf_download/82236.pdf",,,"planned_dry_run"
"82269","82269.pdf","/home/kana/.openclaw/workspace/repos/Sys_mcs/analysis/pdf_download/82269.pdf",,,"planned_dry_run"
"82395","82395.pdf","/home/kana/.openclaw/workspace/repos/Sys_mcs/analysis/pdf_download/82395.pdf",,,"planned_dry_run"
"82847","82847.pdf","/home/kana/.openclaw/workspace/repos/Sys_mcs/analysis/pdf_download/82847.pdf",,,"planned_dry_run"
"83057","83057.pdf","/home/kana/.openclaw/workspace/repos/Sys_mcs/analysis/pdf_download/83057.pdf",,,"planned_dry_run"
"83316","83316.pdf","/home/kana/.openclaw/workspace/repos/Sys_mcs/analysis/pdf_download/83316.pdf",,,"planned_dry_run"
"83402","83402.pdf","/home/kana/.openclaw/workspace/repos/Sys_mcs/analysis/pdf_download/83402.pdf",,,"planned_dry_run"
"83677","83677.pdf","/home/kana/.openclaw/workspace/repos/Sys_mcs/analysis/pdf_download/83677.pdf",,,"planned_dry_run"
"84710","84710.pdf","/home/kana/.openclaw/workspace/repos/Sys_mcs/analysis/pdf_download/84710.pdf",,,"planned_dry_run"
"85031","85031.pdf","/home/kana/.openclaw/workspace/repos/Sys_mcs/analysis/pdf_download/85031.pdf",,,"planned_dry_run"
"85861","85861.pdf","/home/kana/.openclaw/workspace/repos/Sys_mcs/analysis/pdf_download/85861.pdf",,,"planned_dry_run"
"86935","86935.pdf","/home/kana/.openclaw/workspace/repos/Sys_mcs/analysis/pdf_download/86935.pdf",,,"planned_dry_run"
"86976","86976.pdf","/home/kana/.openclaw/workspace/repos/Sys_mcs/analysis/pdf_download/86976.pdf",,,"planned_dry_run"
"89142","89142.pdf","/home/kana/.openclaw/workspace/repos/Sys_mcs/analysis/pdf_download/89142.pdf",,,"planned_dry_run"
"89274","89274.pdf","/home/kana/.openclaw/workspace/repos/Sys_mcs/analysis/pdf_download/89274.pdf",,,"planned_dry_run"
"89310","89310.pdf","/home/kana/.openclaw/workspace/repos/Sys_mcs/analysis/pdf_download/89310.pdf",,,"planned_dry_run"
"89601","89601.pdf","/home/kana/.openclaw/workspace/repos/Sys_mcs/analysis/pdf_download/89601.pdf",,,"planned_dry_run"
"90061","90061.pdf","/home/kana/.openclaw/workspace/repos/Sys_mcs/analysis/pdf_download/90061.pdf",,,"planned_dry_run"
"90066","90066.pdf","/home/kana/.openclaw/workspace/repos/Sys_mcs/analysis/pdf_download/90066.pdf",,,"planned_dry_run"
"90080","90080.pdf","/home/kana/.openclaw/workspace/repos/Sys_mcs/analysis/pdf_download/90080.pdf",,,"planned_dry_run"
"90463","90463.pdf","/home/kana/.openclaw/workspace/repos/Sys_mcs/analysis/pdf_download/90463.pdf",,,"planned_dry_run"
"91137","91137.pdf","/home/kana/.openclaw/workspace/repos/Sys_mcs/analysis/pdf_download/91137.pdf",,,"planned_dry_run"
"91301","91301.pdf","/home/kana/.openclaw/workspace/repos/Sys_mcs/analysis/pdf_download/91301.pdf",,,"planned_dry_run"
"92167","92167.pdf","/home/kana/.openclaw/workspace/repos/Sys_mcs/analysis/pdf_download/92167.pdf",,,"planned_dry_run"
"92179","92179.pdf","/home/kana/.openclaw/workspace/repos/Sys_mcs/analysis/pdf_download/92179.pdf",,,"planned_dry_run"
"92493","92493.pdf","/home/kana/.openclaw/workspace/repos/Sys_mcs/analysis/pdf_download/92493.pdf",,,"planned_dry_run"
"93082","93082.pdf","/home/kana/.openclaw/workspace/repos/Sys_mcs/analysis/pdf_download/93082.pdf",,,"planned_dry_run"
"93119","93119.pdf","/home/kana/.openclaw/workspace/repos/Sys_mcs/analysis/pdf_download/93119.pdf",,,"planned_dry_run"
"95270","95270.pdf","/home/kana/.openclaw/workspace/repos/Sys_mcs/analysis/pdf_download/95270.pdf",,,"planned_dry_run"
"98933","98933.pdf","/home/kana/.openclaw/workspace/repos/Sys_mcs/analysis/pdf_download/98933.pdf",,,"planned_dry_run"
"99101","99101.pdf","/home/kana/.openclaw/workspace/repos/Sys_mcs/analysis/pdf_download/99101.pdf",,,"planned_dry_run"
"99979","99979.pdf","/home/kana/.openclaw/workspace/repos/Sys_mcs/analysis/pdf_download/99979.pdf",,,"planned_dry_run"
"100474","100474.pdf","/home/kana/.openclaw/workspace/repos/Sys_mcs/analysis/pdf_download/100474.pdf",,,"planned_dry_run"
"100737","100737.pdf","/home/kana/.openclaw/workspace/repos/Sys_mcs/analysis/pdf_download/100737.pdf",,,"planned_dry_run"
"101258","101258.pdf","/home/kana/.openclaw/workspace/repos/Sys_mcs/analysis/pdf_download/101258.pdf",,,"planned_dry_run"
"105758","105758.pdf","/home/kana/.openclaw/workspace/repos/Sys_mcs/analysis/pdf_download/105758.pdf",,,"planned_dry_run"
"106149","106149.pdf","/home/kana/.openclaw/workspace/repos/Sys_mcs/analysis/pdf_download/106149.pdf",,,"planned_dry_run"
"106956","106956.pdf","/home/kana/.openclaw/workspace/repos/Sys_mcs/analysis/pdf_download/106956.pdf",,,"planned_dry_run"
"109465","109465.pdf","/home/kana/.openclaw/workspace/repos/Sys_mcs/analysis/pdf_download/109465.pdf",,,"planned_dry_run"
"112109","112109.pdf","/home/kana/.openclaw/workspace/repos/Sys_mcs/analysis/pdf_download/112109.pdf",,,"planned_dry_run"
"112705","112705.pdf","/home/kana/.openclaw/workspace/repos/Sys_mcs/analysis/pdf_download/112705.pdf",,,"planned_dry_run"
"113611","113611.pdf","/home/kana/.openclaw/workspace/repos/Sys_mcs/analysis/pdf_download/113611.pdf",,,"planned_dry_run"
"113616","113616.pdf","/home/kana/.openclaw/workspace/repos/Sys_mcs/analysis/pdf_download/113616.pdf",,,"planned_dry_run"
"114793","114793.pdf","/home/kana/.openclaw/workspace/repos/Sys_mcs/analysis/pdf_download/114793.pdf",,,"planned_dry_run"
"114798","114798.pdf","/home/kana/.openclaw/workspace/repos/Sys_mcs/analysis/pdf_download/114798.pdf",,,"planned_dry_run"
"114961","114961.pdf","/home/kana/.openclaw/workspace/repos/Sys_mcs/analysis/pdf_download/114961.pdf",,,"planned_dry_run"
"114962","114962.pdf","/home/kana/.openclaw/workspace/repos/Sys_mcs/analysis/pdf_download/114962.pdf",,,"planned_dry_run"
"117141","117141.pdf","/home/kana/.openclaw/workspace/repos/Sys_mcs/analysis/pdf_download/117141.pdf",,,"planned_dry_run"
"117226","117226.pdf","/home/kana/.openclaw/workspace/repos/Sys_mcs/analysis/pdf_download/117226.pdf",,,"planned_dry_run"
"117247","117247.pdf","/home/kana/.openclaw/workspace/repos/Sys_mcs/analysis/pdf_download/117247.pdf",,,"planned_dry_run"
"117262","117262.pdf","/home/kana/.openclaw/workspace/repos/Sys_mcs/analysis/pdf_download/117262.pdf",,,"planned_dry_run"
"117384","117384.pdf","/home/kana/.openclaw/workspace/repos/Sys_mcs/analysis/pdf_download/117384.pdf",,,"planned_dry_run"
"117446","117446.pdf","/home/kana/.openclaw/workspace/repos/Sys_mcs/analysis/pdf_download/117446.pdf",,,"planned_dry_run"
"117470","117470.pdf","/home/kana/.openclaw/workspace/repos/Sys_mcs/analysis/pdf_download/117470.pdf",,,"planned_dry_run"
"117492","117492.pdf","/home/kana/.openclaw/workspace/repos/Sys_mcs/analysis/pdf_download/117492.pdf",,,"planned_dry_run"
"117577","117577.pdf","/home/kana/.openclaw/workspace/repos/Sys_mcs/analysis/pdf_download/117577.pdf",,,"planned_dry_run"
"117660","117660.pdf","/home/kana/.openclaw/workspace/repos/Sys_mcs/analysis/pdf_download/117660.pdf",,,"planned_dry_run"
"117718","117718.pdf","/home/kana/.openclaw/workspace/repos/Sys_mcs/analysis/pdf_download/117718.pdf",,,"planned_dry_run"
"117733","117733.pdf","/home/kana/.openclaw/workspace/repos/Sys_mcs/analysis/pdf_download/117733.pdf",,,"planned_dry_run"
"117758","117758.pdf","/home/kana/.openclaw/workspace/repos/Sys_mcs/analysis/pdf_download/117758.pdf",,,"planned_dry_run"
"117764","117764.pdf","/home/kana/.openclaw/workspace/repos/Sys_mcs/analysis/pdf_download/117764.pdf",,,"planned_dry_run"
"117765","117765.pdf","/home/kana/.openclaw/workspace/repos/Sys_mcs/analysis/pdf_download/117765.pdf",,,"planned_dry_run"
"117782","117782.pdf","/home/kana/.openclaw/workspace/repos/Sys_mcs/analysis/pdf_download/117782.pdf",,,"planned_dry_run"
"117788","117788.pdf","/home/kana/.openclaw/workspace/repos/Sys_mcs/analysis/pdf_download/117788.pdf",,,"planned_dry_run"
"117860","117860.pdf","/home/kana/.openclaw/workspace/repos/Sys_mcs/analysis/pdf_download/117860.pdf",,,"planned_dry_run"
"117868","117868.pdf","/home/kana/.openclaw/workspace/repos/Sys_mcs/analysis/pdf_download/117868.pdf",,,"planned_dry_run"
"117997","117997.pdf","/home/kana/.openclaw/workspace/repos/Sys_mcs/analysis/pdf_download/117997.pdf",,,"planned_dry_run"
"118003","118003.pdf","/home/kana/.openclaw/workspace/repos/Sys_mcs/analysis/pdf_download/118003.pdf",,,"planned_dry_run"
"118021","118021.pdf","/home/kana/.openclaw/workspace/repos/Sys_mcs/analysis/pdf_download/118021.pdf",,,"planned_dry_run"
"118025","118025.pdf","/home/kana/.openclaw/workspace/repos/Sys_mcs/analysis/pdf_download/118025.pdf",,,"planned_dry_run"
"118094","118094.pdf","/home/kana/.openclaw/workspace/repos/Sys_mcs/analysis/pdf_download/118094.pdf",,,"planned_dry_run"
"118105","118105.pdf","/home/kana/.openclaw/workspace/repos/Sys_mcs/analysis/pdf_download/118105.pdf",,,"planned_dry_run"
"118130","118130.pdf","/home/kana/.openclaw/workspace/repos/Sys_mcs/analysis/pdf_download/118130.pdf",,,"planned_dry_run"
"118132","118132.pdf","/home/kana/.openclaw/workspace/repos/Sys_mcs/analysis/pdf_download/118132.pdf",,,"planned_dry_run"
"118319","118319.pdf","/home/kana/.openclaw/workspace/repos/Sys_mcs/analysis/pdf_download/118319.pdf",,,"planned_dry_run"
"118324","118324.pdf","/home/kana/.openclaw/workspace/repos/Sys_mcs/analysis/pdf_download/118324.pdf",,,"planned_dry_run"
"118327","118327.pdf","/home/kana/.openclaw/workspace/repos/Sys_mcs/analysis/pdf_download/118327.pdf",,,"planned_dry_run"
"118328","118328.pdf","/home/kana/.openclaw/workspace/repos/Sys_mcs/analysis/pdf_download/118328.pdf",,,"planned_dry_run"
"118332","118332.pdf","/home/kana/.openclaw/workspace/repos/Sys_mcs/analysis/pdf_download/118332.pdf",,,"planned_dry_run"
"118367","118367.pdf","/home/kana/.openclaw/workspace/repos/Sys_mcs/analysis/pdf_download/118367.pdf",,,"planned_dry_run"
"118409","118409.pdf","/home/kana/.openclaw/workspace/repos/Sys_mcs/analysis/pdf_download/118409.pdf",,,"planned_dry_run"
"118440","118440.pdf","/home/kana/.openclaw/workspace/repos/Sys_mcs/analysis/pdf_download/118440.pdf",,,"planned_dry_run"
"118442","118442.pdf","/home/kana/.openclaw/workspace/repos/Sys_mcs/analysis/pdf_download/118442.pdf",,,"planned_dry_run"
"118458","118458.pdf","/home/kana/.openclaw/workspace/repos/Sys_mcs/analysis/pdf_download/118458.pdf",,,"planned_dry_run"
"118517","118517.pdf","/home/kana/.openclaw/workspace/repos/Sys_mcs/analysis/pdf_download/118517.pdf",,,"planned_dry_run"
"118521","118521.pdf","/home/kana/.openclaw/workspace/repos/Sys_mcs/analysis/pdf_download/118521.pdf",,,"planned_dry_run"
"118554","118554.pdf","/home/kana/.openclaw/workspace/repos/Sys_mcs/analysis/pdf_download/118554.pdf",,,"planned_dry_run"
"118622","118622.pdf","/home/kana/.openclaw/workspace/repos/Sys_mcs/analysis/pdf_download/118622.pdf",,,"planned_dry_run"
"118689","118689.pdf","/home/kana/.openclaw/workspace/repos/Sys_mcs/analysis/pdf_download/118689.pdf",,,"planned_dry_run"
"118737","118737.pdf","/home/kana/.openclaw/workspace/repos/Sys_mcs/analysis/pdf_download/118737.pdf",,,"planned_dry_run"
"118747","118747.pdf","/home/kana/.openclaw/workspace/repos/Sys_mcs/analysis/pdf_download/118747.pdf",,,"planned_dry_run"
"118804","118804.pdf","/home/kana/.openclaw/workspace/repos/Sys_mcs/analysis/pdf_download/118804.pdf",,,"planned_dry_run"
"118904","118904.pdf","/home/kana/.openclaw/workspace/repos/Sys_mcs/analysis/pdf_download/118904.pdf",,,"planned_dry_run"
"118931","118931.pdf","/home/kana/.openclaw/workspace/repos/Sys_mcs/analysis/pdf_download/118931.pdf",,,"planned_dry_run"
"118941","118941.pdf","/home/kana/.openclaw/workspace/repos/Sys_mcs/analysis/pdf_download/118941.pdf",,,"planned_dry_run"
"118950","118950.pdf","/home/kana/.openclaw/workspace/repos/Sys_mcs/analysis/pdf_download/118950.pdf",,,"planned_dry_run"
"119478","119478.pdf","/home/kana/.openclaw/workspace/repos/Sys_mcs/analysis/pdf_download/119478.pdf",,,"planned_dry_run"
"119600","119600.pdf","/home/kana/.openclaw/workspace/repos/Sys_mcs/analysis/pdf_download/119600.pdf",,,"planned_dry_run"
"119707","119707.pdf","/home/kana/.openclaw/workspace/repos/Sys_mcs/analysis/pdf_download/119707.pdf",,,"planned_dry_run"
"119803","119803.pdf","/home/kana/.openclaw/workspace/repos/Sys_mcs/analysis/pdf_download/119803.pdf",,,"planned_dry_run"
"119821","119821.pdf","/home/kana/.openclaw/workspace/repos/Sys_mcs/analysis/pdf_download/119821.pdf",,,"planned_dry_run"
"119837","119837.pdf","/home/kana/.openclaw/workspace/repos/Sys_mcs/analysis/pdf_download/119837.pdf",,,"planned_dry_run"
"119853","119853.pdf","/home/kana/.openclaw/workspace/repos/Sys_mcs/analysis/pdf_download/119853.pdf",,,"planned_dry_run"
"119857","119857.pdf","/home/kana/.openclaw/workspace/repos/Sys_mcs/analysis/pdf_download/119857.pdf",,,"planned_dry_run"
"119867","119867.pdf","/home/kana/.openclaw/workspace/repos/Sys_mcs/analysis/pdf_download/119867.pdf",,,"planned_dry_run"
"121063","121063.pdf","/home/kana/.openclaw/workspace/repos/Sys_mcs/analysis/pdf_download/121063.pdf",,,"planned_dry_run"
"121264","121264.pdf","/home/kana/.openclaw/workspace/repos/Sys_mcs/analysis/pdf_download/121264.pdf",,,"planned_dry_run"
"123222","123222.pdf","/home/kana/.openclaw/workspace/repos/Sys_mcs/analysis/pdf_download/123222.pdf",,,"planned_dry_run"
"124187","124187.pdf","/home/kana/.openclaw/workspace/repos/Sys_mcs/analysis/pdf_download/124187.pdf",,,"planned_dry_run"
"124242","124242.pdf","/home/kana/.openclaw/workspace/repos/Sys_mcs/analysis/pdf_download/124242.pdf",,,"planned_dry_run"
"124331","124331.pdf","/home/kana/.openclaw/workspace/repos/Sys_mcs/analysis/pdf_download/124331.pdf",,,"planned_dry_run"
"124393","124393.pdf","/home/kana/.openclaw/workspace/repos/Sys_mcs/analysis/pdf_download/124393.pdf",,,"planned_dry_run"
"124413","124413.pdf","/home/kana/.openclaw/workspace/repos/Sys_mcs/analysis/pdf_download/124413.pdf",,,"planned_dry_run"
"124511","124511.pdf","/home/kana/.openclaw/workspace/repos/Sys_mcs/analysis/pdf_download/124511.pdf",,,"planned_dry_run"
"124590","124590.pdf","/home/kana/.openclaw/workspace/repos/Sys_mcs/analysis/pdf_download/124590.pdf",,,"planned_dry_run"
"124631","124631.pdf","/home/kana/.openclaw/workspace/repos/Sys_mcs/analysis/pdf_download/124631.pdf",,,"planned_dry_run"
"124708","124708.pdf","/home/kana/.openclaw/workspace/repos/Sys_mcs/analysis/pdf_download/124708.pdf",,,"planned_dry_run"
"124728","124728.pdf","/home/kana/.openclaw/workspace/repos/Sys_mcs/analysis/pdf_download/124728.pdf",,,"planned_dry_run"
"124782","124782.pdf","/home/kana/.openclaw/workspace/repos/Sys_mcs/analysis/pdf_download/124782.pdf",,,"planned_dry_run"
"124817","124817.pdf","/home/kana/.openclaw/workspace/repos/Sys_mcs/analysis/pdf_download/124817.pdf",,,"planned_dry_run"
"124846","124846.pdf","/home/kana/.openclaw/workspace/repos/Sys_mcs/analysis/pdf_download/124846.pdf",,,"planned_dry_run"
"124855","124855.pdf","/home/kana/.openclaw/workspace/repos/Sys_mcs/analysis/pdf_download/124855.pdf",,,"planned_dry_run"
"124869","124869.pdf","/home/kana/.openclaw/workspace/repos/Sys_mcs/analysis/pdf_download/124869.pdf",,,"planned_dry_run"
"124882","124882.pdf","/home/kana/.openclaw/workspace/repos/Sys_mcs/analysis/pdf_download/124882.pdf",,,"planned_dry_run"
"125111","125111.pdf","/home/kana/.openclaw/workspace/repos/Sys_mcs/analysis/pdf_download/125111.pdf",,,"planned_dry_run"
"125986","125986.pdf","/home/kana/.openclaw/workspace/repos/Sys_mcs/analysis/pdf_download/125986.pdf",,,"planned_dry_run"
"126235","126235.pdf","/home/kana/.openclaw/workspace/repos/Sys_mcs/analysis/pdf_download/126235.pdf",,,"planned_dry_run"
"126630","126630.pdf","/home/kana/.openclaw/workspace/repos/Sys_mcs/analysis/pdf_download/126630.pdf",,,"planned_dry_run"
"127113","127113.pdf","/home/kana/.openclaw/workspace/repos/Sys_mcs/analysis/pdf_download/127113.pdf",,,"planned_dry_run"
"127391","127391.pdf","/home/kana/.openclaw/workspace/repos/Sys_mcs/analysis/pdf_download/127391.pdf",,,"planned_dry_run"
"127611","127611.pdf","/home/kana/.openclaw/workspace/repos/Sys_mcs/analysis/pdf_download/127611.pdf",,,"planned_dry_run"
"127866","127866.pdf","/home/kana/.openclaw/workspace/repos/Sys_mcs/analysis/pdf_download/127866.pdf",,,"planned_dry_run"
"128764","128764.pdf","/home/kana/.openclaw/workspace/repos/Sys_mcs/analysis/pdf_download/128764.pdf",,,"planned_dry_run"
"129166","129166.pdf","/home/kana/.openclaw/workspace/repos/Sys_mcs/analysis/pdf_download/129166.pdf",,,"planned_dry_run"
"129460","129460.pdf","/home/kana/.openclaw/workspace/repos/Sys_mcs/analysis/pdf_download/129460.pdf",,,"planned_dry_run"
"129513","129513.pdf","/home/kana/.openclaw/workspace/repos/Sys_mcs/analysis/pdf_download/129513.pdf",,,"planned_dry_run"
"129602","129602.pdf","/home/kana/.openclaw/workspace/repos/Sys_mcs/analysis/pdf_download/129602.pdf",,,"planned_dry_run"
"129776","129776.pdf","/home/kana/.openclaw/workspace/repos/Sys_mcs/analysis/pdf_download/129776.pdf",,,"planned_dry_run"
"129823","129823.pdf","/home/kana/.openclaw/workspace/repos/Sys_mcs/analysis/pdf_download/129823.pdf",,,"planned_dry_run"
"129901","129901.pdf","/home/kana/.openclaw/workspace/repos/Sys_mcs/analysis/pdf_download/129901.pdf",,,"planned_dry_run"
"129938","129938.pdf","/home/kana/.openclaw/workspace/repos/Sys_mcs/analysis/pdf_download/129938.pdf",,,"planned_dry_run"
"130085","130085.pdf","/home/kana/.openclaw/workspace/repos/Sys_mcs/analysis/pdf_download/130085.pdf",,,"planned_dry_run"
"130100","130100.pdf","/home/kana/.openclaw/workspace/repos/Sys_mcs/analysis/pdf_download/130100.pdf",,,"planned_dry_run"
"130147","130147.pdf","/home/kana/.openclaw/workspace/repos/Sys_mcs/analysis/pdf_download/130147.pdf",,,"planned_dry_run"
"130239","130239.pdf","/home/kana/.openclaw/workspace/repos/Sys_mcs/analysis/pdf_download/130239.pdf",,,"planned_dry_run"
"130240","130240.pdf","/home/kana/.openclaw/workspace/repos/Sys_mcs/analysis/pdf_download/130240.pdf",,,"planned_dry_run"
"130247","130247.pdf","/home/kana/.openclaw/workspace/repos/Sys_mcs/analysis/pdf_download/130247.pdf",,,"planned_dry_run"
"130342","130342.pdf","/home/kana/.openclaw/workspace/repos/Sys_mcs/analysis/pdf_download/130342.pdf",,,"planned_dry_run"
"130540","130540.pdf","/home/kana/.openclaw/workspace/repos/Sys_mcs/analysis/pdf_download/130540.pdf",,,"planned_dry_run"
"130549","130549.pdf","/home/kana/.openclaw/workspace/repos/Sys_mcs/analysis/pdf_download/130549.pdf",,,"planned_dry_run"
"131238","131238.pdf","/home/kana/.openclaw/workspace/repos/Sys_mcs/analysis/pdf_download/131238.pdf",,,"planned_dry_run"
"131313","131313.pdf","/home/kana/.openclaw/workspace/repos/Sys_mcs/analysis/pdf_download/131313.pdf",,,"planned_dry_run"
"131717","131717.pdf","/home/kana/.openclaw/workspace/repos/Sys_mcs/analysis/pdf_download/131717.pdf",,,"planned_dry_run"
"131752","131752.pdf","/home/kana/.openclaw/workspace/repos/Sys_mcs/analysis/pdf_download/131752.pdf",,,"planned_dry_run"
"131899","131899.pdf","/home/kana/.openclaw/workspace/repos/Sys_mcs/analysis/pdf_download/131899.pdf",,,"planned_dry_run"
"131929","131929.pdf","/home/kana/.openclaw/workspace/repos/Sys_mcs/analysis/pdf_download/131929.pdf",,,"planned_dry_run"
"131931","131931.pdf","/home/kana/.openclaw/workspace/repos/Sys_mcs/analysis/pdf_download/131931.pdf",,,"planned_dry_run"
"132006","132006.pdf","/home/kana/.openclaw/workspace/repos/Sys_mcs/analysis/pdf_download/132006.pdf",,,"planned_dry_run"
"132022","132022.pdf","/home/kana/.openclaw/workspace/repos/Sys_mcs/analysis/pdf_download/132022.pdf",,,"planned_dry_run"
"132058","132058.pdf","/home/kana/.openclaw/workspace/repos/Sys_mcs/analysis/pdf_download/132058.pdf",,,"planned_dry_run"
"132076","132076.pdf","/home/kana/.openclaw/workspace/repos/Sys_mcs/analysis/pdf_download/132076.pdf",,,"planned_dry_run"
"132077","132077.pdf","/home/kana/.openclaw/workspace/repos/Sys_mcs/analysis/pdf_download/132077.pdf",,,"planned_dry_run"
"132150","132150.pdf","/home/kana/.openclaw/workspace/repos/Sys_mcs/analysis/pdf_download/132150.pdf",,,"planned_dry_run"
"132234","132234.pdf","/home/kana/.openclaw/workspace/repos/Sys_mcs/analysis/pdf_download/132234.pdf",,,"planned_dry_run"
"132256","132256.pdf","/home/kana/.openclaw/workspace/repos/Sys_mcs/analysis/pdf_download/132256.pdf",,,"planned_dry_run"
"132444","132444.pdf","/home/kana/.openclaw/workspace/repos/Sys_mcs/analysis/pdf_download/132444.pdf",,,"planned_dry_run"
"132516","132516.pdf","/home/kana/.openclaw/workspace/repos/Sys_mcs/analysis/pdf_download/132516.pdf",,,"planned_dry_run"
"132586","132586.pdf","/home/kana/.openclaw/workspace/repos/Sys_mcs/analysis/pdf_download/132586.pdf",,,"planned_dry_run"
"132601","132601.pdf","/home/kana/.openclaw/workspace/repos/Sys_mcs/analysis/pdf_download/132601.pdf",,,"planned_dry_run"
"132625","132625.pdf","/home/kana/.openclaw/workspace/repos/Sys_mcs/analysis/pdf_download/132625.pdf",,,"planned_dry_run"
"132633","132633.pdf","/home/kana/.openclaw/workspace/repos/Sys_mcs/analysis/pdf_download/132633.pdf",,,"planned_dry_run"
"132634","132634.pdf","/home/kana/.openclaw/workspace/repos/Sys_mcs/analysis/pdf_download/132634.pdf",,,"planned_dry_run"
"132640","132640.pdf","/home/kana/.openclaw/workspace/repos/Sys_mcs/analysis/pdf_download/132640.pdf",,,"planned_dry_run"
"132664","132664.pdf","/home/kana/.openclaw/workspace/repos/Sys_mcs/analysis/pdf_download/132664.pdf",,,"planned_dry_run"
"132704","132704.pdf","/home/kana/.openclaw/workspace/repos/Sys_mcs/analysis/pdf_download/132704.pdf",,,"planned_dry_run"
"132711","132711.pdf","/home/kana/.openclaw/workspace/repos/Sys_mcs/analysis/pdf_download/132711.pdf",,,"planned_dry_run"
"132755","132755.pdf","/home/kana/.openclaw/workspace/repos/Sys_mcs/analysis/pdf_download/132755.pdf",,,"planned_dry_run"
"132761","132761.pdf","/home/kana/.openclaw/workspace/repos/Sys_mcs/analysis/pdf_download/132761.pdf",,,"planned_dry_run"
"132794","132794.pdf","/home/kana/.openclaw/workspace/repos/Sys_mcs/analysis/pdf_download/132794.pdf",,,"planned_dry_run"
"132867","132867.pdf","/home/kana/.openclaw/workspace/repos/Sys_mcs/analysis/pdf_download/132867.pdf",,,"planned_dry_run"
"132885","132885.pdf","/home/kana/.openclaw/workspace/repos/Sys_mcs/analysis/pdf_download/132885.pdf",,,"planned_dry_run"
"133004","133004.pdf","/home/kana/.openclaw/workspace/repos/Sys_mcs/analysis/pdf_download/133004.pdf",,,"planned_dry_run"
"133022","133022.pdf","/home/kana/.openclaw/workspace/repos/Sys_mcs/analysis/pdf_download/133022.pdf",,,"planned_dry_run"
"133033","133033.pdf","/home/kana/.openclaw/workspace/repos/Sys_mcs/analysis/pdf_download/133033.pdf",,,"planned_dry_run"
"133035","133035.pdf","/home/kana/.openclaw/workspace/repos/Sys_mcs/analysis/pdf_download/133035.pdf",,,"planned_dry_run"
"133110","133110.pdf","/home/kana/.openclaw/workspace/repos/Sys_mcs/analysis/pdf_download/133110.pdf",,,"planned_dry_run"
"133115","133115.pdf","/home/kana/.openclaw/workspace/repos/Sys_mcs/analysis/pdf_download/133115.pdf",,,"planned_dry_run"
"133157","133157.pdf","/home/kana/.openclaw/workspace/repos/Sys_mcs/analysis/pdf_download/133157.pdf",,,"planned_dry_run"
"133158","133158.pdf","/home/kana/.openclaw/workspace/repos/Sys_mcs/analysis/pdf_download/133158.pdf",,,"planned_dry_run"
"133159","133159.pdf","/home/kana/.openclaw/workspace/repos/Sys_mcs/analysis/pdf_download/133159.pdf",,,"planned_dry_run"
"133160","133160.pdf","/home/kana/.openclaw/workspace/repos/Sys_mcs/analysis/pdf_download/133160.pdf",,,"planned_dry_run"
"133234","133234.pdf","/home/kana/.openclaw/workspace/repos/Sys_mcs/analysis/pdf_download/133234.pdf",,,"planned_dry_run"
"133329","133329.pdf","/home/kana/.openclaw/workspace/repos/Sys_mcs/analysis/pdf_download/133329.pdf",,,"planned_dry_run"
"133431","133431.pdf","/home/kana/.openclaw/workspace/repos/Sys_mcs/analysis/pdf_download/133431.pdf",,,"planned_dry_run"
"133437","133437.pdf","/home/kana/.openclaw/workspace/repos/Sys_mcs/analysis/pdf_download/133437.pdf",,,"planned_dry_run"
"133443","133443.pdf","/home/kana/.openclaw/workspace/repos/Sys_mcs/analysis/pdf_download/133443.pdf",,,"planned_dry_run"
"133450","133450.pdf","/home/kana/.openclaw/workspace/repos/Sys_mcs/analysis/pdf_download/133450.pdf",,,"planned_dry_run"
"133466","133466.pdf","/home/kana/.openclaw/workspace/repos/Sys_mcs/analysis/pdf_download/133466.pdf",,,"planned_dry_run"
"133558","133558.pdf","/home/kana/.openclaw/workspace/repos/Sys_mcs/analysis/pdf_download/133558.pdf",,,"planned_dry_run"
"133610","133610.pdf","/home/kana/.openclaw/workspace/repos/Sys_mcs/analysis/pdf_download/133610.pdf",,,"planned_dry_run"
"133672","133672.pdf","/home/kana/.openclaw/workspace/repos/Sys_mcs/analysis/pdf_download/133672.pdf",,,"planned_dry_run"
"133679","133679.pdf","/home/kana/.openclaw/workspace/repos/Sys_mcs/analysis/pdf_download/133679.pdf",,,"planned_dry_run"
"133694","133694.pdf","/home/kana/.openclaw/workspace/repos/Sys_mcs/analysis/pdf_download/133694.pdf",,,"planned_dry_run"
"133714","133714.pdf","/home/kana/.openclaw/workspace/repos/Sys_mcs/analysis/pdf_download/133714.pdf",,,"planned_dry_run"
"133723","133723.pdf","/home/kana/.openclaw/workspace/repos/Sys_mcs/analysis/pdf_download/133723.pdf",,,"planned_dry_run"
"133791","133791.pdf","/home/kana/.openclaw/workspace/repos/Sys_mcs/analysis/pdf_download/133791.pdf",,,"planned_dry_run"
"133800","133800.pdf","/home/kana/.openclaw/workspace/repos/Sys_mcs/analysis/pdf_download/133800.pdf",,,"planned_dry_run"
"133817","133817.pdf","/home/kana/.openclaw/workspace/repos/Sys_mcs/analysis/pdf_download/133817.pdf",,,"planned_dry_run"
"133896","133896.pdf","/home/kana/.openclaw/workspace/repos/Sys_mcs/analysis/pdf_download/133896.pdf",,,"planned_dry_run"
"133901","133901.pdf","/home/kana/.openclaw/workspace/repos/Sys_mcs/analysis/pdf_download/133901.pdf",,,"planned_dry_run"
"133945","133945.pdf","/home/kana/.openclaw/workspace/repos/Sys_mcs/analysis/pdf_download/133945.pdf",,,"planned_dry_run"
"134009","134009.pdf","/home/kana/.openclaw/workspace/repos/Sys_mcs/analysis/pdf_download/134009.pdf",,,"planned_dry_run"
"134010","134010.pdf","/home/kana/.openclaw/workspace/repos/Sys_mcs/analysis/pdf_download/134010.pdf",,,"planned_dry_run"
"134045","134045.pdf","/home/kana/.openclaw/workspace/repos/Sys_mcs/analysis/pdf_download/134045.pdf",,,"planned_dry_run"
"134103","134103.pdf","/home/kana/.openclaw/workspace/repos/Sys_mcs/analysis/pdf_download/134103.pdf",,,"planned_dry_run"
"134106","134106.pdf","/home/kana/.openclaw/workspace/repos/Sys_mcs/analysis/pdf_download/134106.pdf",,,"planned_dry_run"
"134120","134120.pdf","/home/kana/.openclaw/workspace/repos/Sys_mcs/analysis/pdf_download/134120.pdf",,,"planned_dry_run"
"134123","134123.pdf","/home/kana/.openclaw/workspace/repos/Sys_mcs/analysis/pdf_download/134123.pdf",,,"planned_dry_run"
"134201","134201.pdf","/home/kana/.openclaw/workspace/repos/Sys_mcs/analysis/pdf_download/134201.pdf",,,"planned_dry_run"
"134217","134217.pdf","/home/kana/.openclaw/workspace/repos/Sys_mcs/analysis/pdf_download/134217.pdf",,,"planned_dry_run"
"134228","134228.pdf","/home/kana/.openclaw/workspace/repos/Sys_mcs/analysis/pdf_download/134228.pdf",,,"planned_dry_run"
"134232","134232.pdf","/home/kana/.openclaw/workspace/repos/Sys_mcs/analysis/pdf_download/134232.pdf",,,"planned_dry_run"
"134233","134233.pdf","/home/kana/.openclaw/workspace/repos/Sys_mcs/analysis/pdf_download/134233.pdf",,,"planned_dry_run"
"134234","134234.pdf","/home/kana/.openclaw/workspace/repos/Sys_mcs/analysis/pdf_download/134234.pdf",,,"planned_dry_run"
"134263","134263.pdf","/home/kana/.openclaw/workspace/repos/Sys_mcs/analysis/pdf_download/134263.pdf",,,"planned_dry_run"
"134487","134487.pdf","/home/kana/.openclaw/workspace/repos/Sys_mcs/analysis/pdf_download/134487.pdf",,,"planned_dry_run"
"134952","134952.pdf","/home/kana/.openclaw/workspace/repos/Sys_mcs/analysis/pdf_download/134952.pdf",,,"planned_dry_run"
"135638","135638.pdf","/home/kana/.openclaw/workspace/repos/Sys_mcs/analysis/pdf_download/135638.pdf",,,"planned_dry_run"
"135654","135654.pdf","/home/kana/.openclaw/workspace/repos/Sys_mcs/analysis/pdf_download/135654.pdf",,,"planned_dry_run"
"135763","135763.pdf","/home/kana/.openclaw/workspace/repos/Sys_mcs/analysis/pdf_download/135763.pdf",,,"planned_dry_run"
"136112","136112.pdf","/home/kana/.openclaw/workspace/repos/Sys_mcs/analysis/pdf_download/136112.pdf",,,"planned_dry_run"
"136635","136635.pdf","/home/kana/.openclaw/workspace/repos/Sys_mcs/analysis/pdf_download/136635.pdf",,,"planned_dry_run"
"136732","136732.pdf","/home/kana/.openclaw/workspace/repos/Sys_mcs/analysis/pdf_download/136732.pdf",,,"planned_dry_run"
"136997","136997.pdf","/home/kana/.openclaw/workspace/repos/Sys_mcs/analysis/pdf_download/136997.pdf",,,"planned_dry_run"
"137183","137183.pdf","/home/kana/.openclaw/workspace/repos/Sys_mcs/analysis/pdf_download/137183.pdf",,,"planned_dry_run"
"137558","137558.pdf","/home/kana/.openclaw/workspace/repos/Sys_mcs/analysis/pdf_download/137558.pdf",,,"planned_dry_run"
"138763","138763.pdf","/home/kana/.openclaw/workspace/repos/Sys_mcs/analysis/pdf_download/138763.pdf",,,"planned_dry_run"
"139297","139297.pdf","/home/kana/.openclaw/workspace/repos/Sys_mcs/analysis/pdf_download/139297.pdf",,,"planned_dry_run"
"139393","139393.pdf","/home/kana/.openclaw/workspace/repos/Sys_mcs/analysis/pdf_download/139393.pdf",,,"planned_dry_run"
"139415","139415.pdf","/home/kana/.openclaw/workspace/repos/Sys_mcs/analysis/pdf_download/139415.pdf",,,"planned_dry_run"
"139417","139417.pdf","/home/kana/.openclaw/workspace/repos/Sys_mcs/analysis/pdf_download/139417.pdf",,,"planned_dry_run"
"139996","139996.pdf","/home/kana/.openclaw/workspace/repos/Sys_mcs/analysis/pdf_download/139996.pdf",,,"planned_dry_run"
"140172","140172.pdf","/home/kana/.openclaw/workspace/repos/Sys_mcs/analysis/pdf_download/140172.pdf",,,"planned_dry_run"
"140620","140620.pdf","/home/kana/.openclaw/workspace/repos/Sys_mcs/analysis/pdf_download/140620.pdf",,,"planned_dry_run"
"141323","141323.pdf","/home/kana/.openclaw/workspace/repos/Sys_mcs/analysis/pdf_download/141323.pdf",,,"planned_dry_run"
"141466","141466.pdf","/home/kana/.openclaw/workspace/repos/Sys_mcs/analysis/pdf_download/141466.pdf",,,"planned_dry_run"
"141787","141787.pdf","/home/kana/.openclaw/workspace/repos/Sys_mcs/analysis/pdf_download/141787.pdf",,,"planned_dry_run"
"142215","142215.pdf","/home/kana/.openclaw/workspace/repos/Sys_mcs/analysis/pdf_download/142215.pdf",,,"planned_dry_run"
"142217","142217.pdf","/home/kana/.openclaw/workspace/repos/Sys_mcs/analysis/pdf_download/142217.pdf",,,"planned_dry_run"
"143543","143543.pdf","/home/kana/.openclaw/workspace/repos/Sys_mcs/analysis/pdf_download/143543.pdf",,,"planned_dry_run"
"143555","143555.pdf","/home/kana/.openclaw/workspace/repos/Sys_mcs/analysis/pdf_download/143555.pdf",,,"planned_dry_run"
"143559","143559.pdf","/home/kana/.openclaw/workspace/repos/Sys_mcs/analysis/pdf_download/143559.pdf",,,"planned_dry_run"
"143566","143566.pdf","/home/kana/.openclaw/workspace/repos/Sys_mcs/analysis/pdf_download/143566.pdf",,,"planned_dry_run"
"145122","145122.pdf","/home/kana/.openclaw/workspace/repos/Sys_mcs/analysis/pdf_download/145122.pdf",,,"planned_dry_run"
"145780","145780.pdf","/home/kana/.openclaw/workspace/repos/Sys_mcs/analysis/pdf_download/145780.pdf",,,"planned_dry_run"
"146842","146842.pdf","/home/kana/.openclaw/workspace/repos/Sys_mcs/analysis/pdf_download/146842.pdf",,,"planned_dry_run"
"146980","146980.pdf","/home/kana/.openclaw/workspace/repos/Sys_mcs/analysis/pdf_download/146980.pdf",,,"planned_dry_run"
"147109","147109.pdf","/home/kana/.openclaw/workspace/repos/Sys_mcs/analysis/pdf_download/147109.pdf",,,"planned_dry_run"
"147115","147115.pdf","/home/kana/.openclaw/workspace/repos/Sys_mcs/analysis/pdf_download/147115.pdf",,,"planned_dry_run"
"147154","147154.pdf","/home/kana/.openclaw/workspace/repos/Sys_mcs/analysis/pdf_download/147154.pdf",,,"planned_dry_run"
"147501","147501.pdf","/home/kana/.openclaw/workspace/repos/Sys_mcs/analysis/pdf_download/147501.pdf",,,"planned_dry_run"
"147619","147619.pdf","/home/kana/.openclaw/workspace/repos/Sys_mcs/analysis/pdf_download/147619.pdf",,,"planned_dry_run"
"147654","147654.pdf","/home/kana/.openclaw/workspace/repos/Sys_mcs/analysis/pdf_download/147654.pdf",,,"planned_dry_run"
"147744","147744.pdf","/home/kana/.openclaw/workspace/repos/Sys_mcs/analysis/pdf_download/147744.pdf",,,"planned_dry_run"
"147846","147846.pdf","/home/kana/.openclaw/workspace/repos/Sys_mcs/analysis/pdf_download/147846.pdf",,,"planned_dry_run"
"148618","148618.pdf","/home/kana/.openclaw/workspace/repos/Sys_mcs/analysis/pdf_download/148618.pdf",,,"planned_dry_run"
